NIM,Nama,Semester,Organisasi,UKM
21102001,Rani Anggraini,3,BEM,UKM Futsal
21102002,Sinta Maharani,3,HMJ TI,-
21102003,Tono Saputra,3,-,UKM Basket
21102004,Umar Faruq,5,BEM,-
21102005,Vina Oktaviani,3,HMJ SI,UKM Musik
21102006,Wawan Setiawan,5,-,UKM Basket
21102007,Xena Maulida,1,-,-
21102008,Yoga Permana,3,BEM,-
21102009,Zaki Firmansyah,3,-,-
21102010,Ayu Lestari,5,HMJ SI,UKM Musik
21102011,Bayu Nugroho,1,-,UKM Futsal
21102012,Cahyo Utomo,5,-,-
21102013,Dian Permatasari,1,BEM,-
21102014,Edo Kurniawan,5,-,UKM Basket
21102015,Farah Nabila,7,-,-
